code,ref,weighttype,level_of_service_type,has_quantifier,textcode
A1,,heavy,*1,,stationary traffic
A10,,none,*15,,traffic lighter than normal
*A10x,%,heavy,*1,,stationary traffic for %dist
A101,*A10x(1),,,,
A102,*A10x(2),,,,
A103,*A10x(3),,,,
A104,*A10x(4),,,,
A106,*A10x(6),,,,
A110,*A10x(10),,,,
A11,,light,*8,,traffic heavier than normal
A12,,heavy,*9,,traffic very much heavier than normal
A1D,,heavy,*2,,stationary traffic
A1E,,heavy,*22,,stationary traffic
A2,,heavy,*3,,queuing traffic
*A20x,%,heavy,*3,,queuing traffic for %dist
A201,*A20x(1),,,,
A202,*A20x(2),,,,
A203,*A20x(3),,,,
A204,*A20x(4),,,,
A206,*A20x(6),,,,
A210,*A20x(10),,,,
A2D,,heavy,*4,,queuing traffic
A2E,,heavy,*21,,queuing traffic
A3,,heavy,*6,,slow traffic
*A30x,%,heavy,*6,,slow traffic for %dist
A301,*A30x(1),,,,
A302,*A30x(2),,,,
A303,*A30x(3),,,,
A304,*A30x(4),,,,
A306,*A30x(6),,,,
A310,*A30x(10),,,,
A3E,,heavy,*24,,slow traffic
A4,,heavy,*7,,heavy traffic
A4E,,heavy,*18,,heavy traffic
A5,,none,*17,,traffic flowing freely
A50,,medium,*0,,traffic problem
A50E,,medium,*19,,traffic problem
A6,,light,*14,,traffic building up
A7,,heavy,*5,,long queues
A8,,light,*13,,traffic easing
A9,,heavy,*10,,traffic congestion
*A9x,%,heavy,*11,,traffic congestion, average speed of %speed
A910,*A9x(10),,,,
A920,*A9x(20),,,,
A930,*A9x(30),,,,
A940,*A9x(40),,,,
A950,*A9x(50),,,,
A960,*A9x(60),,,,
A970,*A9x(70),,,,
A96E,,none,*20,,normal traffic expected
A97,,none,*16,,no problems to report
A98,,none,*12,,traffic congestion cleared
A9E,,heavy,*23,,traffic congestion
B1,,heavy,,,accident
B10,,heavy,,,broken down vehicle
B11,,heavy,,,broken down vehicle
B12,,heavy,,,broken down vehicle
B13,,heavy,,,broken down vehicle
B14,,heavy,,,accident
B15,,heavy,,,accident
B16,,heavy,,,broken down vehicle
B17,,heavy,,,broken down vehicle
B18,,heavy,,,broken down vehicle
B19,,heavy,,,broken down vehicle
B2,,heavy,,,accident
B20,,heavy,,,broken down vehicle
B21,,heavy,,,broken down vehicle
B22,,heavy,,,accident
B23,,heavy,,,accident
B24,,heavy,,,accident
B25,,heavy,,,broken down vehicle
B26,,heavy,,,broken down vehicle
B3,,heavy,,,accident
B30,,light,,,accident
B30D,,light,,,accident
B4,,heavy,,,accident
B5,,heavy,,,accident
B50,,light,,,incident/alert
B6,,heavy,,,accident
B7,,heavy,,,accident
B8,,heavy,,,accident
B9,,heavy,,,accident
B95,,none,,,no problems to report
B96,,none,,,no problems to report
B97,,none,,,no problems to report
B98,,none,,,no problems to report
C1,,block,,,Closed
C10,,entryslipblock,,,entry slip road closed
C11,,entryslipblock,,,entry slip road closed
C12,,entryslipblock,,,entry slip road closed
C13,,exitslipblock,,,exit slip road closed
C14,,exitslipblock,,,exit slip road closed
C15,,exitslipblock,,,exit slip road closed
C16,,slipblock,,,slip roads blocked
C17,,slipblock,,,slip roads blocked
C18,,slipblock,,,slip roads blocked
C19,,slipblock,,,slip roads blocked
C2,,block,,,blocked
C20,,slipblock,,,lanes closed
C21,,medium,,,lanes closed
C22,,medium,,,lanes closed
C23,,light,,,lanes closed
C24,,slipblock,,,lanes closed
C25,,slipblock,,,lanes closed
C26,,slipblock,,,lanes closed
C27,,slipblock,,,lanes closed
C28,,medium,,,lanes closed
C29,,medium,,,lanes closed
C2E,,,,,blocked
C3,,block,,,Closed
C30,,light,,,lanes closed
C31,,block,,,restrictions
C32,,medium,,,restrictions
C34,,block,,,lanes closed
C35,,block,,,Closed
C4,,block,,,blocked
C5,,block,,,restrictions
C51,,none,,,restrictions
C52,,none,,,restrictions
C53,,block,,,Closed
C54,,block,,,Closed
C55,,block,,,blocked
C56,,block,,,blocked
C57,,block,,,intermittent short term closures
C58,,none,,,restrictions
C59,,none,,,restrictions
C6,,entryslipblock,,,entry slip road closed
C66,,block,,,intermittent short term closures
C7,,exitslipblock,,,exit slip road closed
C8,,slipblock,,,slip roads blocked
C86,,none,,,opened
C87,,none,,,opened
C88,,none,,,no problems to report
C89,,none,,,no problems to report
C9,,medium,,,restrictions
C90,,none,,,opened
C91,,none,,,opened
C92,,none,,,opened
C93,,none,,,opened
C94,,none,,,opened
C95,,light,,,opened
C96,,light,,,opened
C97,,none,,,opened
C98,,none,,,opened
D1,,medium,,,lanes closed
D10,,medium,,,lanes closed
D11,,medium,,,lanes closed
D12,,medium,,,lanes closed
D13,,medium,,,lanes closed
D14,,light,,,lanes closed
D15,,medium,,,lanes closed
D16,,medium,,,lanes closed
D17,,light,,,lanes closed
D18,,medium,,,restrictions
D19,,medium,,,lanes closed
D2,,medium,,,restrictions
D20,,light,,,lanes closed
D21,,medium,,,lanes closed
D22,,medium,,,lanes closed
D23,,medium,,,lanes closed
D24,,light,,,lanes closed
D25,,light,,,lanes closed
D26,,light,,,lanes closed
D27,,medium,,,lanes closed
D28,,medium,,,lanes closed
D29,,light,,,lanes closed
D3,,medium,,,lanes closed
D30,,none,,,lanes closed
D31,,medium,,,lanes closed
D32,,medium,,,lanes closed
D33,,medium,,,lanes closed
D34,,none,,,lanes closed
D35,,none,,,lanes closed
D38,,none,,,lanes closed
D4,,medium,,,lanes closed
D40,,medium,,,lanes closed
D41,,medium,,,lanes closed
D44,,medium,,,lanes closed
D45,,medium,,,lanes closed
D46,,none,,,lanes closed
D5,,light,,,lanes closed
D50,,light,,,lanes closed
D51,,light,,,lanes closed
D53,,none,,,lanes closed
D54,,medium,,,lanes closed
D6,,medium,,,lanes closed
D62,,none,,,lanes closed
D63,,medium,,,lanes closed
D67,,none,,,lanes closed
D68,,medium,,,lanes closed
D7,,medium,,,lanes closed
D8,,medium,,,lanes closed
D9,,medium,,,lanes closed
D93,,none,,,opened
D94,,none,,,opened
D95,,light,,,no problems to report
D96,,none,,,opened
D97,,light,,,opened
D98,,none,,,opened
E1,,medium,,,roadworks
E10,,medium,,,roadworks
E11,,medium,,,roadworks
E12,,medium,,,roadworks
E13,,medium,,,roadworks
E14,,heavy,,,restrictions
E15,,medium,,,roadworks
E16,,medium,,,roadworks
E17,,medium,,,roadworks
E18,,medium,,,roadworks
E19,,medium,,,roadworks
E2,,medium,,,roadworks
E20,,light,,,roadworks
E21,,medium,,,roadworks
E22,,light,,,roadworks
E3,,medium,,,roadworks
E4,,medium,,,roadworks
E5,,medium,,,roadworks
E6,,medium,,,roadworks
E7,,medium,,,roadworks
E8,,medium,,,roadworks
E9,,medium,,,roadworks
E95,,none,,,opened
E97,,none,,,opened
E98,,none,,,opened
F1,,heavy,,,incident/alert
F10,,heavy,,,incident/alert
F101,,heavy,,,incident/alert
F12,,medium,,,incident/alert
F13,,heavy,,,incident/alert
F14,,heavy,,,incident/alert
F15,,heavy,,,incident/alert
F16,,heavy,,,incident/alert
F17,,heavy,,,incident/alert
F18,,heavy,,,incident/alert
F19,,heavy,,,incident/alert
F2,,heavy,,,incident/alert
F20,,heavy,,,incident/alert
F21,,heavy,,,incident/alert
F22,,heavy,,,incident/alert
F23,,heavy,,,incident/alert
F24,,heavy,,,incident/alert
F25,,heavy,,,incident/alert
F26,,heavy,,,incident/alert
F27,,heavy,,,incident/alert
F28,,heavy,,,incident/alert
F29,,heavy,,,incident/alert
F3,,heavy,,,incident/alert
F30,,heavy,,,incident/alert
F3E,,heavy,,,incident/alert
F4,,heavy,,,incident/alert
F5,,heavy,,,incident/alert
F51,,heavy,,,incident/alert
F5E,,heavy,,,incident/alert
F6,,heavy,,,incident/alert
F6D,,heavy,,,incident/alert
F7,,heavy,,,incident/alert
F7D,,heavy,,,incident/alert
F8,,heavy,,,incident/alert
F9,,heavy,,,incident/alert
F95,,none,,,opened
F96,,none,,,opened
F97,,heavy,,,incident/alert
F98,,none,,,opened
F99,,none,,,no problems to report
G1,,heavy,,,hazard
G10,,heavy,,,snowfall
G11,,medium,,,snowfall
G12,,heavy,,,snowfall
G13,,heavy,,,snowfall
G14,,heavy,,,snowfall
G15,,heavy,,,snowfall
G16,,heavy,,,hazard
G17,,heavy,,,hazard
G18,,heavy,,,hazard
G18E,,heavy,,,hazard
G19,,heavy,,,hazard
G20,,heavy,,,restrictions
G21,,light,,,restrictions
G22,,heavy,,,hazard
G23,,heavy,,,hazard
G24,,heavy,,,hazard
G25,,heavy,,,hazard
G26,,heavy,,,hazard
G27,,heavy,,,hazard
G28,,heavy,,,frost
G28D,,heavy,,,frost
G29,,heavy,,,frost
G29D,,heavy,,,frost
G2D,,heavy,,,rain
G3,,heavy,,,danger
G3D,,heavy,,,hazard
G4,,heavy,,,hazard
G5,,medium,,,hazard
G6,,heavy,,,frost
G6D,,heavy,,,frost
G7,,heavy,,,frost
G7D,,heavy,,,frost
G8,,heavy,,,frost
G80,,heavy,,,snowfall
G81,,heavy,,,rain
G8E,,heavy,,,frost
G9,,heavy,,,frost
G95,,none,,,opened
G96,,light,,,opened
G97,,light,,,opened
G98,,light,,,opened
H1,,heavy,,,heavy snowfall
H10,,heavy,,,frost
H19,,heavy,,,storm
H1E,,heavy,,,heavy snowfall
H2,,medium,,,snowfall
H20,,medium,,,storm
H20E,,medium,,,storm
H21,,heavy,,,storm
H210,,,,,snowfall
H21E,,heavy,,,storm
H3,,heavy,,,storm
H4,,medium,,,snowfall
H5,,heavy,,,storm
H6,,heavy,,,rain
H6E,,heavy,,,rain
H7,,medium,,,rain
H8,,medium,,,rain
H9,,heavy,,,frost
H95E,,light,,,danger
H98,,light,,,danger
H99,,none,,,no problems to report
J1,,heavy,,,storm
J10,,medium,,,storm
J2,,heavy,,,storm
J3,,light,,,storm
J4,,medium,,,storm
J5,,medium,,,storm
J9,,medium,,,storm
J96,,none,,,no problems to report
J97,,light,,,restrictions
J98,,light,,,storm
L1,,heavy,,,dense fog
L10,,heavy,,,snowfall
L11,,medium,,,hazard
L12,,light,,,visibility reduced
L13,,medium,,,storm
L18,,light,,,danger
L1E,,heavy,,,dense fog
L2,,medium,,,dense fog
L22,,medium,,,danger
L23,,light,,,danger
L24,,light,,,danger
L3,,medium,,,dense fog
L30,,block,,,Closed
L37,,none,,,restrictions
L38,,none,,,restrictions
L3E,,medium,,,dense fog
L4,,heavy,,,dense fog
L4E,,,,,dense fog
L5,,medium,,,hazard
L6,,medium,,,storm
L8,,medium,,,visibility reduced
L803,,heavy,,,visibility reduced
L805,,heavy,,,visibility reduced
L810,,medium,,,visibility reduced
L8E,,medium,,,visibility reduced
L9,,heavy,,,visibility reduced
L94,,none,,,no problems to report
L95,,light,,,dense fog
L96,,none,,,no problems to report
L98,,light,,,visibility reduced
L98E,,light,,,visibility reduced
M10,,medium,,,current temperature: %Q
M11,,none,,,current temperature: %Q
M14,,medium,,,current temperature: %Q
M21,,medium,,,current temperature: %Q
M22,,light,,,restrictions
P1,,medium,,,major event
P10,,heavy,,,major event
P11,,heavy,,,major event
P12,,heavy,,,major event
P13,,heavy,,,major event
P14,,heavy,,,major event
P15,,medium,,,incident/alert
P16,,medium,,,incident/alert
P17,,medium,,,major event
P18,,medium,,,major event
P19,,medium,,,major event
P2,,medium,,,major event
P20,,medium,,,major event
P21,,medium,,,major event
P22,,medium,,,major event
P23,,medium,,,major event
P24,,medium,,,major event
P25,,medium,,,major event
P26,,medium,,,major event
P27,,medium,,,major event
P28,,heavy,,,major event
P29,,medium,,,major event
P3,,medium,,,major event
P30,,medium,,,major event
P31,,medium,,,major event
P32,,medium,,,major event
P33,,medium,,,major event
P34,,medium,,,major event
P35,,light,,,major event
P36,,medium,,,major event
P37,,heavy,,,major event
P38,,heavy,,,major event
P39,,heavy,,,people on the road
P4,,medium,,,major event
P40,,heavy,,,people on the road
P41,,heavy,,,people on the road
P42,,heavy,,,major event
P43,,heavy,,,incident/alert
P44,,heavy,,,police checkpoint
P45,,heavy,,,incident/alert
P46D,,heavy,,,incident/alert
P47,,heavy,,,incident/alert
P48D,,heavy,,,incident/alert
P49,,heavy,,,incident/alert
P5,,medium,,,major event
P50,,medium,,,major event
P51,,none,,,major event
P52,,none,,,major event
P53,,none,,,major event
P54,,none,,,major event
P55,,none,,,major event
P56,,none,,,major event
P6,,medium,,,major event
P7,,medium,,,major event
P8,,medium,,,major event
P9,,medium,,,major event
P91,,none,,,no problems to report
P92,,none,,,no problems to report
P93,,none,,,no problems to report
P95,,none,,,no problems to report
P96,,none,,,no problems to report
P97,,none,,,no problems to report
P98,,none,*17,,no problems to report
Q1,,medium,,,delays
*Q1x,%,medium,,,delays up to %x minutes
*Q10x,%,heavy,,,delays up to %x hours
Q1(10),*Q1x(10),,,,
Q1(15),*Q1x(15),,,,
Q1(20),*Q1x(20),,,,
Q1(25),*Q1x(25),,,,
Q1(30),*Q1x(30),,,,
Q1(40),*Q1x(40),,,,
Q1(5),*Q1x(5),,,,
Q1(50),*Q1x(50),,,,
Q1(90),*Q1x(90),,,,
Q10,,none,,,restrictions
Q101,*Q1x(60),,,,
Q102,*Q10x(2),,,,
Q103,*Q10x(3),,,,
Q104,*Q10x(4),,,,
Q105,*Q10x(5),,,,
Q10A,,none,,,delays
Q10E,,none,,,delays
Q11,,none,,,restrictions
Q12,,none,,,restrictions
Q13,,none,,,restrictions
Q14,,none,,,restrictions
Q15,,none,,,restrictions
Q16,,none,,,restrictions
Q17,,none,,,restrictions
Q18,,none,,,restrictions
Q19,,,,,restrictions
Q199,,heavy,,,long delays
Q1E,,medium,,,delays
Q2,,heavy,,,long delays
Q20,,none,,,restrictions
Q21,,none,,,restrictions
Q21E,,medium,,,delays
Q22,,medium,,,restrictions
Q23E,,heavy,,,long delays
Q25E,,heavy,,,long delays
Q26,,none,,,delays
Q27,,none,,,delays
Q28,,none,,,restrictions
Q29,,none,,,restrictions
Q3,,heavy,,,long delays
Q30,,none,,,restrictions
Q31,,none,,,restrictions
Q32,,none,,,restrictions
Q33,,none,,,restrictions
Q34,,medium,,,restrictions
Q4,,none,,,restrictions
Q5,,none,,,restrictions
Q6,,none,,,restrictions
Q6A,,none,,,restrictions
Q7,,heavy,,,delays
Q8,,medium,,,delays
Q9,,medium,,,restrictions
Q95,,none,,,delays
Q96,,none,,,restrictions
Q97,,none,,,no problems to report
Q98,,none,,,no problems to report
Q9E,,none,,,restrictions
R1,,medium,,,vehicle on wrong carriageway
R10,,none,,,dangerous vehicles
R10D,,none,,,dangerous vehicles
R2,,heavy,,,dangerous vehicles
R3,,medium,,,dangerous vehicles
R4,,light,,,dangerous vehicles
R5,,light,,,dangerous vehicles
R6,,medium,,,dangerous vehicles
R7,,medium,,,dangerous vehicles
R8,,medium,,,dangerous vehicles
R9,,none,,,dangerous vehicles
R96,,none,,,no problems to report
R97,,none,,,no problems to report
R98,,none,,,no problems to report
R9D,,medium,,,dangerous vehicles
S1,,light,,,dangerous vehicles
S1D,,medium,,,dangerous vehicles
S2,,light,,,dangerous vehicles
S2D,,medium,,,dangerous vehicles
S3,,light,,,dangerous vehicles
S3D,,medium,,,dangerous vehicles
S4,,light,,,dangerous vehicles
S4D,,medium,,,dangerous vehicles
S5,,light,,,dangerous vehicles
S50D,,medium,,,dangerous vehicles
S5D,,medium,,,dangerous vehicles
S6,,light,,,dangerous vehicles
S6D,,medium,,,dangerous vehicles
S7,,light,,,dangerous vehicles
S8,,medium,,,dangerous vehicles
S8D,,heavy,,,dangerous vehicles
S96,,none,,,no problems to report
S97,,none,,,no problems to report
S98,,none,,,no problems to report
T1,,medium,,,traffic lights/signs failure
T10,,light,,,traffic lights/signs failure
T11,,none,,,traffic lights/signs failure
T12,,medium,,,traffic lights/signs failure
T13,,light,,,traffic lights/signs failure
T14,,medium,,,traffic lights/signs failure
T15,,light,,,traffic lights/signs failure
T16,,medium,,,traffic lights/signs failure
T17,,light,,,no problems to report
T18,,light,,,danger
T2,,none,,,restrictions
T3,,none,,,restrictions
T4,,medium,,,traffic lights/signs failure
T5,,medium,,,traffic lights/signs failure
T54,,none,,,traffic lights/signs failure
T6,,medium,,,traffic lights/signs failure
T7,,medium,,,traffic lights/signs failure
T8,,none,,,no problems to report
T9,,medium,,,traffic lights/signs failure
T95,,none,,,no problems to report
T96,,none,,,no problems to report
T97,,none,,,no problems to report
T98,,none,,,no problems to report
T99,,none,,,restrictions
U1,,light,,,restrictions
U2,,light,,,restrictions
U3,,light,,,restrictions
U4,,light,,,restrictions
U5,,light,,,restrictions
U6,,light,,,restrictions
U7,,light,,,police checkpoint
U8,,none,,,allow emergency vehicles to pass
U94,,none,,,restrictions
U95,,none,,,restrictions
U96,,none,,,restrictions
U97,,none,,,restrictions
U98,,none,,,restrictions
X1,,none,,,restrictions
X2,,none,,,restrictions
X3,,none,,,restrictions
X300,,none,,,no problems to report
X310,,none,,,no problems to report
X320,,none,,,no problems to report
X330,,none,,,no problems to report
X340,,none,,,no problems to report
X350,,none,,,no problems to report
X360,,none,,,no problems to report
X370,,none,,,no problems to report
X380,,none,,,no problems to report
X390,,none,,,no problems to report
X3E,,none,,,restrictions
X4,,none,,,restrictions
X40,,none,,,restrictions
X40E,,none,,,restrictions
X41,,none,,,restrictions
X42,,none,,,restrictions
X45,,none,,,restrictions
X5,,none,,,restrictions
X510,,none,,,restrictions
X520,,none,,,restrictions
X530,,none,,,restrictions
X540,,none,,,restrictions
X550,,none,,,restrictions
X6,,none,,,restrictions
X82,,none,,,no problems to report
X85,,none,,,restrictions
X95,,none,,,no problems to report
X97,,none,,,restrictions
X98,,none,,,restrictions
Y1,,none,,,no problems to report
Y10,,none,,,no problems to report
Y11,,none,,,no problems to report
Y12E,,none,,,no problems to report
Y13,,none,,,no problems to report
Y14,,none,,,no problems to report
Y15,,none,,,no problems to report
Y16,,none,,,no problems to report
Y17,,none,,,no problems to report
Y18,,none,,,no problems to report
Y19,,none,,,no problems to report
Y2,,none,,,no problems to report
Y20,,none,,,no problems to report
Y21,,none,,,no problems to report
Y22,,none,,,no problems to report
Y23,,none,,,no problems to report
Y24,,none,,,no problems to report
Y25,,none,,,no problems to report
Y26,,none,,,no problems to report
Y27,,none,,,no problems to report
Y28E,,none,,,no problems to report
Y29E,,none,,,no problems to report
Y3,,none,,,no problems to report
Y30,,none,,,no problems to report
Y4,,none,,,restrictions
Y49,,none,,,no problems to report
Y5,,none,,,restrictions
Y59,,none,,,no problems to report
Y6,,none,,,no problems to report
Y7,,none,,,no problems to report
Y8,,none,,,no problems to report
Y9,,none,,,no problems to report
Y95,,none,,,no problems to report
Y96,,none,,,no problems to report
Y97,,none,,,no problems to report
Z112,,none,,,restrictions
Z17,,none,,,restrictions
Z91,,none,,,danger
Z126,,,,,
Z128,,,,,
Z146,,,,,
Z147,,,,,
Z162,,,,,
Z165,,,,,
Z166,,,,,
Z175,,,,,
Z214,,,,,
Z215,,,,,
Z216,,,,,
Z241,,,,,
Z32,,,,,
Z41,,,,,
Z42,,,,,
Z48,,,,,
Z49,,,,,
Z71,,,,,
Z73,,,,,
Z77,,,,,
Z78,,,,,
Z79,,,,,
Z8,,,,,
Z81,,,,,
Z84,,,,,
Z85,,,,,
Z95,,,,,
