code,ref,weighttype,level_of_service_type,has_quantifier,textcode
A1,,heavy,*1,,TMC~A1
A10,,none,*15,1,TMC~A10
*A10x,%,heavy,*1,,TMC~A10x
A101,*A10x(1),,,,
A102,*A10x(2),,,,
A103,*A10x(3),,,,
A104,*A10x(4),,,,
A106,*A10x(6),,,,
A110,*A10x(10),,,,
A11,,light,*8,1,TMC~A11
A12,,heavy,*9,1,TMC~A12
A1D,,heavy,*2,,TMC~A1D
A1E,,heavy,*22,,TMC~A1E
A2,,heavy,*3,1,TMC~A2
*A20x,%,heavy,*3,1,TMC~A20x
A201,*A20x(1),,,,
A202,*A20x(2),,,,
A203,*A20x(3),,,,
A204,*A20x(4),,,,
A206,*A20x(6),,,,
A210,*A20x(10),,,,
A2D,,heavy,*4,1,TMC~A2D
A2E,,heavy,*21,,TMC~A2E
A3,,heavy,*6,1,TMC~A3
*A30x,%,heavy,*6,1,TMC~A30x
A301,*A30x(1),,,,
A302,*A30x(2),,,,
A303,*A30x(3),,,,
A304,*A30x(4),,,,
A306,*A30x(6),,,,
A310,*A30x(10),,,,
A3E,,heavy,*24,,TMC~A3E
A4,,heavy,*7,1,TMC~A4
A4E,,heavy,*18,,TMC~A4E
A5,,none,*17,1,TMC~A5
A50,,medium,*0,,TMC~A50
A50E,,medium,*19,,TMC~A50E
A6,,light,*14,1,TMC~A6
A7,,heavy,*5,1,TMC~A7
A8,,light,*13,,TMC~A8
A9,,heavy,*10,1,TMC~A9
*A9x,%,heavy,*11,,TMC~A9x
A910,*A9x(10),,,,
A920,*A9x(20),,,,
A930,*A9x(30),,,,
A940,*A9x(40),,,,
A950,*A9x(50),,,,
A960,*A9x(60),,,,
A970,*A9x(70),,,,
A96E,,none,*20,,TMC~A96E
A97,,none,*16,,TMC~A97
A98,,none,*12,,TMC~A98
A9E,,heavy,*23,,TMC~A9E
B1,,heavy,,1,TMC~B1
B10,,heavy,,1,TMC~B10
B11,,heavy,,1,TMC~B11
B12,,heavy,,1,TMC~B12
B13,,heavy,,1,TMC~B13
B14,,heavy,,1,TMC~B14
B15,,heavy,,1,TMC~B15
B16,,heavy,,1,TMC~B16
B17,,heavy,,1,TMC~B17
B18,,heavy,,1,TMC~B18
B19,,heavy,,1,TMC~B19
B2,,heavy,,1,TMC~B2
B20,,heavy,,1,TMC~B20
B21,,heavy,,1,TMC~B21
B22,,heavy,,1,TMC~B22
B23,,heavy,,,TMC~B23
B24,,heavy,,1,TMC~B24
B25,,heavy,,1,TMC~B25
B26,,heavy,,1,TMC~B26
B3,,heavy,,1,TMC~B3
B30,,light,,,TMC~B30
B30D,,light,,,TMC~B30D
B4,,heavy,,1,TMC~B4
B5,,heavy,,1,TMC~B5
B50,,light,,,TMC~B50
B6,,heavy,,1,TMC~B6
B7,,heavy,,1,TMC~B7
B8,,heavy,,1,TMC~B8
B9,,heavy,,1,TMC~B9
B95,,none,,,TMC~B95
B96,,none,,,TMC~B96
B97,,none,,,TMC~B97
B98,,none,,,TMC~B98
C1,,block,,,TMC~C1
C10,,entryslipblock,,1,TMC~C10
C11,,entryslipblock,,1,TMC~C11
C12,,entryslipblock,,,TMC~C12
C13,,exitslipblock,,1,TMC~C13
C14,,exitslipblock,,1,TMC~C14
C15,,exitslipblock,,,TMC~C15
C16,,slipblock,,,TMC~C16
C17,,slipblock,,,TMC~C17
C18,,slipblock,,,TMC~C18
C19,,slipblock,,,TMC~C19
C2,,block,,,TMC~C2
C20,,slipblock,,,TMC~C20
C21,,medium,,,TMC~C21
C22,,medium,,,TMC~C22
C23,,light,,,TMC~C23
C24,,slipblock,,,TMC~C24
C25,,slipblock,,,TMC~C25
C26,,slipblock,,,TMC~C26
C27,,slipblock,,,TMC~C27
C28,,medium,,,TMC~C28
C29,,medium,,,TMC~C29
C2E,,,,,TMC~C2E
C3,,block,,,TMC~C3
C30,,light,,,TMC~C30
C31,,block,,,TMC~C31
C32,,medium,,,TMC~C32
C34,,block,,,TMC~C34
C35,,block,,,TMC~C35
C4,,block,,,TMC~C4
C5,,block,,,TMC~C5
C51,,none,,,TMC~C51
C52,,none,,,TMC~C52
C53,,block,,,TMC~C53
C54,,block,,,TMC~C54
C55,,block,,,TMC~C55
C56,,block,,,TMC~C56
C57,,block,,,TMC~C57
C58,,none,,,TMC~C58
C59,,none,,,TMC~C59
C6,,entryslipblock,,1,TMC~C6
C66,,block,,,TMC~C66
C7,,exitslipblock,,1,TMC~C7
C8,,slipblock,,,TMC~C8
C86,,none,,,TMC~C86
C87,,none,,,TMC~C87
C88,,none,,,TMC~C88
C89,,none,,,TMC~C89
C9,,medium,,,TMC~C9
C90,,none,,,TMC~C90
C91,,none,,,TMC~C91
C92,,none,,,TMC~C92
C93,,none,,,TMC~C93
C94,,none,,,TMC~C94
C95,,light,,,TMC~C95
C96,,light,,,TMC~C96
C97,,none,,,TMC~C97
C98,,none,,,TMC~C98
D1,,medium,,1,TMC~D1
D10,,medium,,1,TMC~D10
D11,,medium,,,TMC~D11
D12,,medium,,,TMC~D12
D13,,medium,,,TMC~D13
D14,,light,,,TMC~D14
D15,,medium,,1,TMC~D15
D16,,medium,,1,TMC~D16
D17,,light,,1,TMC~D17
D18,,medium,,,TMC~D18
D19,,medium,,,TMC~D19
D2,,medium,,1,TMC~D2
D20,,light,,,TMC~D20
D21,,medium,,1,TMC~D21
D22,,medium,,,TMC~D22
D23,,medium,,,TMC~D23
D24,,light,,,TMC~D24
D25,,light,,,TMC~D25
D26,,light,,,TMC~D26
D27,,medium,,,TMC~D27
D28,,medium,,,TMC~D28
D29,,light,,,TMC~D29
D3,,medium,,1,TMC~D3
D30,,none,,1,TMC~D30
D31,,medium,,1,TMC~D31
D32,,medium,,1,TMC~D32
D33,,medium,,1,TMC~D33
D34,,none,,,TMC~D34
D35,,none,,1,TMC~D35
D38,,none,,,TMC~D38
D4,,medium,,1,TMC~D4
D40,,medium,,,TMC~D40
D41,,medium,,,TMC~D41
D44,,medium,,,TMC~D44
D45,,medium,,,TMC~D45
D46,,none,,,TMC~D46
D5,,light,,,TMC~D5
D50,,light,,1,TMC~D50
D51,,light,,1,TMC~D51
D53,,none,,,TMC~D53
D54,,medium,,,TMC~D54
D6,,medium,,,TMC~D6
D62,,none,,,TMC~D62
D63,,medium,,,TMC~D63
D67,,none,,,TMC~D67
D68,,medium,,,TMC~D68
D7,,medium,,,TMC~D7
D8,,medium,,1,TMC~D8
D9,,medium,,1,TMC~D9
D93,,none,,,TMC~D93
D94,,none,,,TMC~D94
D95,,light,,1,TMC~D95
D96,,none,,,TMC~D96
D97,,light,,,TMC~D97
D98,,none,,,TMC~D98
E1,,medium,,1,TMC~E1
E10,,medium,,1,TMC~E10
E11,,medium,,1,TMC~E11
E12,,medium,,1,TMC~E12
E13,,medium,,1,TMC~E13
E14,,heavy,,,TMC~E14
E15,,medium,,1,TMC~E15
E16,,medium,,1,TMC~E16
E17,,medium,,1,TMC~E17
E18,,medium,,1,TMC~E18
E19,,medium,,,TMC~E19
E2,,medium,,1,TMC~E2
E20,,light,,,TMC~E20
E21,,medium,,,TMC~E21
E22,,light,,,TMC~E22
E3,,medium,,1,TMC~E3
E4,,medium,,1,TMC~E4
E5,,medium,,1,TMC~E5
E6,,medium,,1,TMC~E6
E7,,medium,,1,TMC~E7
E8,,medium,,1,TMC~E8
E9,,medium,,1,TMC~E9
E95,,none,,,TMC~E95
E97,,none,,,TMC~E97
E98,,none,,,TMC~E98
F1,,heavy,,1,TMC~F1
F10,,heavy,,,TMC~F10
F101,,heavy,,,TMC~F101
F12,,medium,,,TMC~F12
F13,,heavy,,1,TMC~F13
F14,,heavy,,,TMC~F14
F15,,heavy,,,TMC~F15
F16,,heavy,,,TMC~F16
F17,,heavy,,,TMC~F17
F18,,heavy,,,TMC~F18
F19,,heavy,,,TMC~F19
F2,,heavy,,,TMC~F2
F20,,heavy,,,TMC~F20
F21,,heavy,,,TMC~F21
F22,,heavy,,,TMC~F22
F23,,heavy,,,TMC~F23
F24,,heavy,,,TMC~F24
F25,,heavy,,,TMC~F25
F26,,heavy,,,TMC~F26
F27,,heavy,,1,TMC~F27
F28,,heavy,,,TMC~F28
F29,,heavy,,,TMC~F29
F3,,heavy,,,TMC~F3
F30,,heavy,,,TMC~F30
F3E,,heavy,,,TMC~F3E
F4,,heavy,,1,TMC~F4
F5,,heavy,,,TMC~F5
F51,,heavy,,1,TMC~F51
F5E,,heavy,,,TMC~F5E
F6,,heavy,,,TMC~F6
F6D,,heavy,,,TMC~F6D
F7,,heavy,,1,TMC~F7
F7D,,heavy,,,TMC~F7D
F8,,heavy,,,TMC~F8
F9,,heavy,,,TMC~F9
F95,,none,,,TMC~F95
F96,,none,,,TMC~F96
F97,,heavy,,,TMC~F97
F98,,none,,,TMC~F98
F99,,none,,,TMC~F99
G1,,heavy,,1,TMC~G1
G10,,heavy,,1,TMC~G10
G11,,medium,,1,TMC~G11
G12,,heavy,,1,TMC~G12
G13,,heavy,,1,TMC~G13
G14,,heavy,,1,TMC~G14
G15,,heavy,,1,TMC~G15
G16,,heavy,,1,TMC~G16
G17,,heavy,,1,TMC~G17
G18,,heavy,,1,TMC~G18
G18E,,heavy,,1,TMC~G18E
G19,,heavy,,1,TMC~G19
G20,,heavy,,1,TMC~G20
G21,,light,,1,TMC~G21
G22,,heavy,,,TMC~G22
G23,,heavy,,,TMC~G23
G24,,heavy,,,TMC~G24
G25,,heavy,,,TMC~G25
G26,,heavy,,,TMC~G26
G27,,heavy,,,TMC~G27
G28,,heavy,,1,TMC~G28
G28D,,heavy,,1,TMC~G28D
G29,,heavy,,,TMC~G29
G29D,,heavy,,,TMC~G29D
G2D,,heavy,,,TMC~G2D
G3,,heavy,,1,TMC~G3
G3D,,heavy,,,TMC~G3D
G4,,heavy,,,TMC~G4
G5,,medium,,,TMC~G5
G6,,heavy,,1,TMC~G6
G6D,,heavy,,1,TMC~G6D
G7,,heavy,,1,TMC~G7
G7D,,heavy,,1,TMC~G7D
G8,,heavy,,1,TMC~G8
G80,,heavy,,,TMC~G80
G81,,heavy,,1,TMC~G81
G8E,,heavy,,,TMC~G8E
G9,,heavy,,1,TMC~G9
G95,,none,,,TMC~G95
G96,,light,,,TMC~G96
G97,,light,,,TMC~G97
G98,,light,,,TMC~G98
H1,,heavy,,1,TMC~H1
H10,,heavy,,,TMC~H10
H19,,heavy,,1,TMC~H19
H1E,,heavy,,1,TMC~H1E
H2,,medium,,1,TMC~H2
H20,,medium,,1,TMC~H20
H20E,,medium,,1,TMC~H20E
H21,,heavy,,1,TMC~H21
H210,,,,1,TMC~H210
H21E,,heavy,,1,TMC~H21E
H3,,heavy,,1,TMC~H3
H4,,medium,,1,TMC~H4
H5,,heavy,,1,TMC~H5
H6,,heavy,,1,TMC~H6
H6E,,heavy,,1,TMC~H6E
H7,,medium,,1,TMC~H7
H8,,medium,,1,TMC~H8
H9,,heavy,,,TMC~H9
H95E,,light,,,TMC~H95E
H98,,light,,,TMC~H98
H99,,none,,,TMC~H99
J1,,heavy,,,TMC~J1
J10,,medium,,1,TMC~J10
J2,,heavy,,1,TMC~J2
J3,,light,,1,TMC~J3
J4,,medium,,1,TMC~J4
J5,,medium,,1,TMC~J5
J9,,medium,,1,TMC~J9
J96,,none,,,TMC~J96
J97,,light,,,TMC~J97
J98,,light,,,TMC~J98
L1,,heavy,,1,TMC~L1
L10,,heavy,,1,TMC~L10
L11,,medium,,1,TMC~L11
L12,,light,,,TMC~L12
L13,,medium,,1,TMC~L13
L18,,light,,,TMC~L18
L1E,,heavy,,1,TMC~L1E
L2,,medium,,1,TMC~L2
L22,,medium,,1,TMC~L22
L23,,light,,,TMC~L23
L24,,light,,,TMC~L24
L3,,medium,,1,TMC~L3
L30,,block,,1,TMC~L30
L37,,none,,,TMC~L37
L38,,none,,,TMC~L38
L3E,,medium,,1,TMC~L3E
L4,,heavy,,1,TMC~L4
L4E,,,,1,TMC~L4E
L5,,medium,,1,TMC~L5
L6,,medium,,1,TMC~L6
L8,,medium,,1,TMC~L8
L803,,heavy,,,TMC~L803
L805,,heavy,,,TMC~L805
L810,,medium,,,TMC~L810
L8E,,medium,,1,TMC~L8E
L9,,heavy,,1,TMC~L9
L94,,none,,,TMC~L94
L95,,light,,,TMC~L95
L96,,none,,,TMC~L96
L98,,light,,,TMC~L98
L98E,,light,,,TMC~L98E
M10,,medium,,1,TMC~M10
M11,,none,,1,TMC~M11
M14,,medium,,1,TMC~M14
M21,,medium,,1,TMC~M21
M22,,light,,,TMC~M22
P1,,medium,,,TMC~P1
P10,,heavy,,,TMC~P10
P11,,heavy,,,TMC~P11
P12,,heavy,,,TMC~P12
P13,,heavy,,,TMC~P13
P14,,heavy,,,TMC~P14
P15,,medium,,,TMC~P15
P16,,medium,,,TMC~P16
P17,,medium,,,TMC~P17
P18,,medium,,,TMC~P18
P19,,medium,,,TMC~P19
P2,,medium,,,TMC~P2
P20,,medium,,,TMC~P20
P21,,medium,,,TMC~P21
P22,,medium,,,TMC~P22
P23,,medium,,,TMC~P23
P24,,medium,,,TMC~P24
P25,,medium,,,TMC~P25
P26,,medium,,,TMC~P26
P27,,medium,,,TMC~P27
P28,,heavy,,,TMC~P28
P29,,medium,,,TMC~P29
P3,,medium,,,TMC~P3
P30,,medium,,,TMC~P30
P31,,medium,,,TMC~P31
P32,,medium,,,TMC~P32
P33,,medium,,,TMC~P33
P34,,medium,,,TMC~P34
P35,,light,,,TMC~P35
P36,,medium,,,TMC~P36
P37,,heavy,,,TMC~P37
P38,,heavy,,,TMC~P38
P39,,heavy,,,TMC~P39
P4,,medium,,,TMC~P4
P40,,heavy,,,TMC~P40
P41,,heavy,,,TMC~P41
P42,,heavy,,,TMC~P42
P43,,heavy,,,TMC~P43
P44,,heavy,,,TMC~P44
P45,,heavy,,,TMC~P45
P46D,,heavy,,,TMC~P46D
P47,,heavy,,,TMC~P47
P48D,,heavy,,,TMC~P48D
P49,,heavy,,,TMC~P49
P5,,medium,,,TMC~P5
P50,,medium,,,TMC~P50
P51,,none,,,TMC~P51
P52,,none,,,TMC~P52
P53,,none,,,TMC~P53
P54,,none,,,TMC~P54
P55,,none,,,TMC~P55
P56,,none,,,TMC~P56
P6,,medium,,,TMC~P6
P7,,medium,,,TMC~P7
P8,,medium,,,TMC~P8
P9,,medium,,,TMC~P9
P91,,none,,,TMC~P91
P92,,none,,,TMC~P92
P93,,none,,,TMC~P93
P95,,none,,,TMC~P95
P96,,none,,,TMC~P96
P97,,none,,,TMC~P97
P98,,none,*17,,TMC~P98
Q1,,medium,,1,TMC~Q1
*Q1x,%,medium,,,TMC~Q1x
Q1(10),*Q1x(10),,,,
Q1(15),*Q1x(15),,,,
Q1(20),*Q1x(20),,,,
Q1(25),*Q1x(25),,,,
Q1(30),*Q1x(30),,,,
Q1(40),*Q1x(40),,,,
Q1(5),*Q1x(5),,,,
Q1(50),*Q1x(50),,,,
Q1(90),*Q1x(90),,,,
Q10,,none,,1,TMC~Q10
Q101,,heavy,,,TMC~Q101
Q102,,heavy,,,TMC~Q102
Q103,,heavy,,,TMC~Q103
Q104,,heavy,,,TMC~Q104
Q105,,heavy,,,TMC~Q105
Q10A,,none,,1,TMC~Q10A
Q10E,,none,,1,TMC~Q10E
Q11,,none,,1,TMC~Q11
Q12,,none,,1,TMC~Q12
Q13,,none,,1,TMC~Q13
Q14,,none,,1,TMC~Q14
Q15,,none,,1,TMC~Q15
Q16,,none,,1,TMC~Q16
Q17,,none,,1,TMC~Q17
Q18,,none,,1,TMC~Q18
Q19,,none,,1,TMC~Q19
Q199,,heavy,,,TMC~Q199
Q1E,,medium,,1,TMC~Q1E
Q2,,heavy,,1,TMC~Q2
Q20,,none,,1,TMC~Q20
Q21,,none,,,TMC~Q21
Q21E,,medium,,1,TMC~Q21E
Q22,,medium,,,TMC~Q22
Q23E,,heavy,,,TMC~Q23E
Q25E,,heavy,,,TMC~Q25E
Q26,,none,,1,TMC~Q26
Q27,,none,,1,TMC~Q27
Q28,,none,,,TMC~Q28
Q29,,none,,1,TMC~Q29
Q3,,heavy,,1,TMC~Q3
Q30,,none,,1,TMC~Q30
Q31,,none,,1,TMC~Q31
Q32,,none,,1,TMC~Q32
Q33,,none,,1,TMC~Q33
Q34,,medium,,,TMC~Q34
Q4,,none,,1,TMC~Q4
Q5,,none,,1,TMC~Q5
Q6,,none,,1,TMC~Q6
Q6A,,none,,1,TMC~Q6A
Q7,,heavy,,,TMC~Q7
Q8,,medium,,,TMC~Q8
Q9,,medium,,,TMC~Q9
Q95,,none,,,TMC~Q95
Q96,,none,,,TMC~Q96
Q97,,none,,,TMC~Q97
Q98,,none,,,TMC~Q98
Q9E,,none,,,TMC~Q9E
R1,,medium,,1,TMC~R1
R10,,none,,,TMC~R10
R10D,,none,,,TMC~R10D
R2,,heavy,,1,TMC~R2
R3,,medium,,1,TMC~R3
R4,,light,,1,TMC~R4
R5,,light,,1,TMC~R5
R6,,medium,,1,TMC~R6
R7,,medium,,,TMC~R7
R8,,medium,,,TMC~R8
R9,,none,,,TMC~R9
R96,,none,,,TMC~R96
R97,,none,,,TMC~R97
R98,,none,,,TMC~R98
R9D,,medium,,1,TMC~R9D
S1,,light,,1,TMC~S1
S1D,,medium,,1,TMC~S1D
S2,,light,,1,TMC~S2
S2D,,medium,,1,TMC~S2D
S3,,light,,1,TMC~S3
S3D,,medium,,1,TMC~S3D
S4,,light,,1,TMC~S4
S4D,,medium,,1,TMC~S4D
S5,,light,,1,TMC~S5
S50D,,medium,,1,TMC~S50D
S5D,,medium,,1,TMC~S5D
S6,,light,,1,TMC~S6
S6D,,medium,,1,TMC~S6D
S7,,light,,1,TMC~S7
S8,,medium,,1,TMC~S8
S8D,,heavy,,1,TMC~S8D
S96,,none,,,TMC~S96
S97,,none,,,TMC~S97
S98,,none,,,TMC~S98
T1,,medium,,,TMC~T1
T10,,light,,,TMC~T10
T11,,none,,,TMC~T11
T12,,medium,,1,TMC~T12
T13,,light,,1,TMC~T13
T14,,medium,,1,TMC~T14
T15,,light,,1,TMC~T15
T16,,medium,,,TMC~T16
T17,,light,,,TMC~T17
T18,,light,,,TMC~T18
T2,,none,,,TMC~T2
T3,,none,,,TMC~T3
T4,,medium,,1,TMC~T4
T5,,medium,,1,TMC~T5
T54,,none,,1,TMC~T54
T6,,medium,,,TMC~T6
T7,,medium,,,TMC~T7
T8,,none,,,TMC~T8
T9,,medium,,,TMC~T9
T95,,none,,,TMC~T95
T96,,none,,,TMC~T96
T97,,none,,,TMC~T97
T98,,none,,,TMC~T98
T99,,none,,,TMC~T99
U1,,light,,1,TMC~U1
U2,,light,,1,TMC~U2
U3,,light,,1,TMC~U3
U4,,light,,1,TMC~U4
U5,,light,,1,TMC~U5
U6,,light,,,TMC~U6
U7,,light,,,TMC~U7
U8,,none,,,TMC~U8
U94,,none,,,TMC~U94
U95,,none,,,TMC~U95
U96,,none,,,TMC~U96
U97,,none,,,TMC~U97
U98,,none,,,TMC~U98
X1,,none,,,TMC~X1
X2,,none,,,TMC~X2
X3,,none,,1,TMC~X3
X300,,none,,,TMC~X300
X310,,none,,,TMC~X310
X320,,none,,,TMC~X320
X330,,none,,,TMC~X330
X340,,none,,,TMC~X340
X350,,none,,,TMC~X350
X360,,none,,,TMC~X360
X370,,none,,,TMC~X370
X380,,none,,,TMC~X380
X390,,none,,,TMC~X390
X3E,,none,,,TMC~X3E
X4,,none,,1,TMC~X4
X40,,none,,,TMC~X40
X40E,,none,,,TMC~X40E
X41,,none,,,TMC~X41
X42,,none,,1,TMC~X42
X45,,none,,,TMC~X45
X5,,none,,1,TMC~X5
X510,,none,,,TMC~X510
X520,,none,,,TMC~X520
X530,,none,,,TMC~X530
X540,,none,,,TMC~X540
X550,,none,,,TMC~X550
X6,,none,,1,TMC~X6
X82,,none,,,TMC~X82
X85,,none,,1,TMC~X85
X95,,none,,,TMC~X95
X97,,none,,,TMC~X97
X98,,none,,1,TMC~X98
Y1,,none,,1,TMC~Y1
Y10,,none,,,TMC~Y10
Y11,,none,,,TMC~Y11
Y12E,,none,,1,TMC~Y12E
Y13,,none,,1,TMC~Y13
Y14,,none,,,TMC~Y14
Y15,,none,,,TMC~Y15
Y16,,none,,,TMC~Y16
Y17,,none,,,TMC~Y17
Y18,,none,,,TMC~Y18
Y19,,none,,,TMC~Y19
Y2,,none,,1,TMC~Y2
Y20,,none,,,TMC~Y20
Y21,,none,,,TMC~Y21
Y22,,none,,,TMC~Y22
Y23,,none,,,TMC~Y23
Y24,,none,,,TMC~Y24
Y25,,none,,1,TMC~Y25
Y26,,none,,,TMC~Y26
Y27,,none,,1,TMC~Y27
Y28E,,none,,1,TMC~Y28E
Y29E,,none,,1,TMC~Y29E
Y3,,none,,1,TMC~Y3
Y30,,none,,,TMC~Y30
Y4,,none,,,TMC~Y4
Y49,,none,,,TMC~Y49
Y5,,none,,,TMC~Y5
Y59,,none,,,TMC~Y59
Y6,,none,,,TMC~Y6
Y7,,none,,,TMC~Y7
Y8,,none,,1,TMC~Y8
Y9,,none,,,TMC~Y9
Y95,,none,,,TMC~Y95
Y96,,none,,,TMC~Y96
Y97,,none,,,TMC~Y97
Z112,,none,,,TMC~Z112
Z17,,none,,,TMC~Z17
Z91,,none,,,TMC~Z91
Z126,,,,,TMC~Z126
Z128,,,,,TMC~Z128
Z146,,,,,TMC~Z146
Z147,,,,,TMC~Z147
Z162,,,,,TMC~Z162
Z165,,,,,TMC~Z165
Z166,,,,,TMC~Z166
Z175,,,,,TMC~Z175
Z214,,,,,TMC~Z214
Z215,,,,,TMC~Z215
Z216,,,,,TMC~Z216
Z241,,,,,TMC~Z241
Z32,,,,,TMC~Z32
Z41,,,,,TMC~Z41
Z42,,,,,TMC~Z42
Z48,,,,,TMC~Z48
Z49,,,,,TMC~Z49
Z71,,,,,TMC~Z71
Z73,,,,,TMC~Z73
Z77,,,,,TMC~Z77
Z78,,,,1,TMC~Z78
Z79,,,,,TMC~Z79
Z8,,,,1,TMC~Z8
Z81,,,,,TMC~Z81
Z84,,,,,TMC~Z84
Z85,,,,,TMC~Z85
Z95,,,,,TMC~Z95
